item_id,order_id,product_id,quantity,unit_price,total_price
1,1,3,1,399,399
2,1,48,1,649,649
3,2,40,2,449,898
4,2,11,1,499,499
5,3,37,2,399,798
6,4,25,4,349,1396
7,4,10,1,599,599
8,4,1,2,1499,2998
9,4,40,1,449,449
10,5,42,2,699,1398
11,6,34,1,299,299
12,6,26,1,649,649
13,6,50,1,499,499
14,7,8,1,899,899
15,7,23,3,749,2247
16,7,2,1,2499,2499
17,8,4,2,1899,3798
18,9,39,1,1999,1999
19,10,21,2,899,1798
20,10,15,1,799,799
21,10,2,2,2499,4998
22,10,6,1,999,999
23,11,15,1,799,799
24,11,37,2,399,798
25,12,48,2,649,1298
26,12,28,1,449,449
27,12,31,1,699,699
28,12,10,1,599,599
29,13,23,3,749,2247
30,13,34,1,299,299
31,14,34,1,299,299
32,14,32,2,499,998
33,14,22,3,599,1797
34,15,32,2,499,998
35,15,9,1,1299,1299
36,15,43,1,499,499
37,16,39,1,1999,1999
38,16,26,1,649,649
39,16,5,3,2999,8997
40,16,43,1,499,499
41,16,30,2,249,498
42,17,9,3,1299,3897
43,17,15,1,799,799
44,17,13,1,1599,1599
45,18,23,2,749,1498
46,18,43,1,499,499
47,18,37,1,399,399
48,19,20,1,299,299
49,20,46,1,399,399
50,20,36,2,249,498
51,21,13,1,1599,1599
52,22,19,2,2999,5998
53,22,2,1,2499,2499
54,22,8,4,899,3596
55,23,28,1,449,449
56,23,43,1,499,499
57,24,49,1,549,549
58,25,8,2,899,1798
59,25,28,1,449,449
60,25,38,1,349,349
61,26,10,1,599,599
62,26,25,2,349,698
63,27,4,1,1899,1899
64,27,21,2,899,1798
65,28,4,2,1899,3798
66,28,22,2,599,1198
67,28,39,1,1999,1999
68,28,46,1,399,399
69,28,5,2,2999,5998
70,29,25,2,349,698
71,29,49,1,549,549
72,30,28,2,449,898
73,30,7,3,3499,10497
74,30,40,1,449,449
75,31,28,1,449,449
76,31,37,3,399,1197
77,32,16,1,2499,2499
78,33,15,2,799,1598
79,34,50,3,499,1497
80,34,39,2,1999,3998
81,35,8,3,899,2697
82,35,32,1,499,499
83,35,35,1,1499,1499
84,36,27,1,1199,1199
85,37,34,2,299,598
86,37,44,4,599,2396
87,38,23,1,749,749
88,39,18,1,449,449
89,39,9,1,1299,1299
90,39,50,1,499,499
91,40,6,1,999,999
92,41,8,2,899,1798
93,41,5,2,2999,5998
94,41,2,1,2499,2499
95,42,48,2,649,1298
96,43,8,3,899,2697
97,44,23,2,749,1498
98,45,8,2,899,1798
99,45,44,1,599,599
100,45,16,2,2499,4998
101,46,10,3,599,1797
102,47,43,2,499,998
103,47,27,2,1199,2398
104,47,11,2,499,998
105,47,38,1,349,349
106,48,1,2,1499,2998
107,48,39,4,1999,7996
108,48,16,1,2499,2499
109,49,1,3,1499,4497
110,49,7,3,3499,10497
111,49,16,1,2499,2499
112,50,13,4,1599,6396
113,50,34,1,299,299
114,50,49,1,549,549
115,51,16,1,2499,2499
116,51,38,1,349,349
117,52,8,2,899,1798
118,52,35,2,1499,2998
119,52,39,2,1999,3998
120,52,9,1,1299,1299
121,52,37,1,399,399
122,53,22,1,599,599
123,54,49,2,549,1098
124,54,34,1,299,299
125,54,18,3,449,1347
126,55,5,3,2999,8997
127,56,49,1,549,549
128,56,28,2,449,898
129,56,13,2,1599,3198
130,57,39,2,1999,3998
131,57,48,1,649,649
132,58,50,4,499,1996
133,58,43,2,499,998
134,59,11,1,499,499
135,59,5,2,2999,5998
136,59,28,4,449,1796
137,59,15,1,799,799
138,60,37,2,399,798
139,60,21,2,899,1798
140,60,43,3,499,1497
141,61,27,4,1199,4796
142,61,36,4,249,996
143,61,48,2,649,1298
144,61,44,1,599,599
145,62,8,1,899,899
146,62,20,1,299,299
147,63,2,1,2499,2499
148,63,7,1,3499,3499
149,63,4,1,1899,1899
150,63,5,2,2999,5998
151,64,23,2,749,1498
152,64,45,2,749,1498
153,65,39,1,1999,1999
154,65,37,2,399,798
155,65,35,1,1499,1499
156,66,26,3,649,1947
157,67,2,4,2499,9996
158,67,3,3,399,1197
159,68,34,1,299,299
160,69,35,1,1499,1499
161,69,3,2,399,798
162,70,23,1,749,749
163,70,11,2,499,998
164,70,37,1,399,399
165,70,33,1,599,599
166,71,48,2,649,1298
167,71,41,1,549,549
168,71,49,2,549,1098
169,72,4,1,1899,1899
170,73,30,2,249,498
171,73,45,2,749,1498
172,74,4,1,1899,1899
173,75,28,1,449,449
174,76,2,1,2499,2499
175,76,46,1,399,399
176,76,26,4,649,2596
177,77,4,1,1899,1899
178,77,48,1,649,649
179,78,6,1,999,999
180,78,50,1,499,499
181,79,2,1,2499,2499
182,79,40,1,449,449
183,80,42,1,699,699
184,80,38,1,349,349
185,80,32,1,499,499
186,80,21,1,899,899
187,81,25,1,349,349
188,81,42,1,699,699
189,82,16,2,2499,4998
190,82,26,2,649,1298
191,82,37,1,399,399
192,83,28,1,449,449
193,83,33,2,599,1198
194,84,5,1,2999,2999
195,84,40,4,449,1796
196,84,16,1,2499,2499
197,84,22,1,599,599
198,84,20,2,299,598
199,85,43,1,499,499
200,86,5,3,2999,8997
201,86,42,1,699,699
202,87,5,2,2999,5998
203,88,23,2,749,1498
204,88,33,1,599,599
205,89,20,2,299,598
206,89,45,2,749,1498
207,90,2,2,2499,4998
208,90,46,3,399,1197
209,91,16,4,2499,9996
210,91,48,2,649,1298
211,92,46,3,399,1197
212,92,40,3,449,1347
213,93,42,1,699,699
214,93,46,1,399,399
215,93,4,1,1899,1899
216,93,39,2,1999,3998
217,94,33,3,599,1797
218,94,32,3,499,1497
219,94,25,2,349,698
220,95,21,1,899,899
221,95,22,2,599,1198
222,95,47,1,449,449
223,96,10,1,599,599
224,97,23,1,749,749
225,98,33,3,599,1797
226,98,47,1,449,449
227,99,2,1,2499,2499
228,100,48,2,649,1298
229,100,41,1,549,549
230,100,13,2,1599,3198
231,101,4,2,1899,3798
232,101,6,3,999,2997
233,101,25,3,349,1047
234,102,28,2,449,898
235,102,48,1,649,649
236,103,9,2,1299,2598
237,103,19,3,2999,8997
238,103,8,2,899,1798
239,103,42,3,699,2097
240,104,39,1,1999,1999
241,104,20,1,299,299
242,104,37,3,399,1197
243,104,6,1,999,999
244,105,30,3,249,747
245,105,19,1,2999,2999
246,106,16,4,2499,9996
247,107,20,1,299,299
248,107,43,2,499,998
249,108,8,1,899,899
250,108,25,2,349,698
251,108,40,4,449,1796
252,109,10,1,599,599
253,109,28,4,449,1796
254,109,36,2,249,498
255,109,23,3,749,2247
256,110,4,1,1899,1899
257,110,50,2,499,998
258,110,48,1,649,649
259,111,28,3,449,1347
260,111,49,1,549,549
261,111,8,3,899,2697
262,111,40,1,449,449
263,111,19,4,2999,11996
264,112,6,3,999,2997
265,113,23,3,749,2247
266,113,16,2,2499,4998
267,113,11,3,499,1497
268,114,32,3,499,1497
269,114,3,3,399,1197
270,114,21,3,899,2697
271,115,32,2,499,998
272,115,26,3,649,1947
273,116,11,2,499,998
274,116,50,1,499,499
275,116,20,2,299,598
276,117,25,1,349,349
277,117,35,1,1499,1499
278,117,50,2,499,998
279,118,47,1,449,449
280,118,9,1,1299,1299
281,119,42,1,699,699
282,119,6,1,999,999
283,120,47,2,449,898
284,120,9,2,1299,2598
285,120,44,1,599,599
286,121,9,1,1299,1299
287,121,20,2,299,598
288,122,22,1,599,599
289,122,15,1,799,799
290,123,30,1,249,249
291,123,42,3,699,2097
292,124,47,3,449,1347
293,124,45,4,749,2996
294,124,46,1,399,399
295,124,18,2,449,898
296,125,31,2,699,1398
297,126,10,4,599,2396
298,126,6,1,999,999
299,127,1,1,1499,1499
300,127,39,3,1999,5997
301,128,49,1,549,549
302,128,37,2,399,798
303,129,21,1,899,899
304,130,9,3,1299,3897
305,130,33,2,599,1198
306,131,22,1,599,599
307,131,49,1,549,549
308,131,15,1,799,799
309,131,32,1,499,499
310,131,13,2,1599,3198
311,132,28,1,449,449
312,132,43,1,499,499
313,132,49,1,549,549
314,132,47,1,449,449
315,133,49,2,549,1098
316,133,16,2,2499,4998
317,133,30,1,249,249
318,134,4,1,1899,1899
319,135,36,4,249,996
320,135,27,2,1199,2398
321,135,44,2,599,1198
322,135,48,1,649,649
323,136,45,1,749,749
324,137,48,2,649,1298
325,137,28,1,449,449
326,137,9,2,1299,2598
327,137,41,3,549,1647
328,137,3,3,399,1197
329,138,25,2,349,698
330,139,20,1,299,299
331,139,8,4,899,3596
332,140,21,3,899,2697
333,140,28,1,449,449
334,141,45,1,749,749
335,141,20,1,299,299
336,141,39,2,1999,3998
337,141,25,1,349,349
338,142,41,1,549,549
339,142,48,1,649,649
340,142,46,1,399,399
341,142,34,1,299,299
342,142,4,1,1899,1899
343,143,8,1,899,899
344,143,37,1,399,399
345,144,37,3,399,1197
346,144,35,3,1499,4497
347,144,8,1,899,899
348,145,22,1,599,599
349,146,38,3,349,1047
350,147,48,1,649,649
351,147,43,4,499,1996
352,148,42,1,699,699
353,149,19,3,2999,8997
354,149,37,1,399,399
355,149,49,2,549,1098
356,149,7,2,3499,6998
357,150,43,3,499,1497
358,150,7,1,3499,3499
359,151,48,1,649,649
360,152,21,2,899,1798
361,152,44,1,599,599
362,153,45,4,749,2996
363,154,42,1,699,699
364,154,9,1,1299,1299
365,155,25,2,349,698
366,155,4,2,1899,3798
367,156,6,1,999,999
368,156,31,1,699,699
369,157,31,3,699,2097
370,157,6,1,999,999
371,157,2,2,2499,4998
372,158,47,1,449,449
373,159,33,2,599,1198
374,160,49,2,549,1098
375,160,44,3,599,1797
376,160,9,2,1299,2598
377,160,27,1,1199,1199
378,161,36,1,249,249
379,161,21,2,899,1798
380,161,42,3,699,2097
381,161,44,2,599,1198
382,162,33,1,599,599
383,162,6,1,999,999
384,163,18,2,449,898
385,163,47,1,449,449
386,164,46,2,399,798
387,164,47,1,449,449
388,165,36,1,249,249
389,165,23,1,749,749
390,166,19,2,2999,5998
391,166,39,2,1999,3998
392,166,33,3,599,1797
393,166,22,2,599,1198
394,167,32,1,499,499
395,167,7,2,3499,6998
396,168,27,1,1199,1199
397,168,20,2,299,598
398,168,43,1,499,499
399,169,13,1,1599,1599
400,169,31,3,699,2097
401,169,3,1,399,399
402,170,35,1,1499,1499
403,170,48,3,649,1947
404,171,13,1,1599,1599
405,171,16,2,2499,4998
406,172,49,1,549,549
407,172,7,1,3499,3499
408,173,1,2,1499,2998
409,173,11,1,499,499
410,174,48,2,649,1298
411,174,44,1,599,599
412,175,45,2,749,1498
413,175,28,2,449,898
414,175,50,1,499,499
415,176,9,1,1299,1299
416,176,1,3,1499,4497
417,177,15,1,799,799
418,177,2,1,2499,2499
419,177,16,1,2499,2499
420,178,40,1,449,449
421,178,15,1,799,799
422,178,6,1,999,999
423,179,11,3,499,1497
424,180,34,1,299,299
425,180,37,1,399,399
426,180,36,1,249,249
427,181,31,1,699,699
428,182,46,3,399,1197
429,183,32,2,499,998
430,183,37,2,399,798
431,184,22,1,599,599
432,184,3,1,399,399
433,185,45,3,749,2247
434,185,49,3,549,1647
435,186,4,2,1899,3798
436,187,25,1,349,349
437,187,41,3,549,1647
438,188,36,1,249,249
439,188,8,3,899,2697
440,189,50,1,499,499
441,189,33,1,599,599
442,190,27,1,1199,1199
443,191,43,1,499,499
444,191,49,2,549,1098
445,192,48,3,649,1947
446,192,35,2,1499,2998
447,192,9,1,1299,1299
448,193,49,2,549,1098
449,193,47,2,449,898
450,194,11,1,499,499
451,194,45,2,749,1498
452,194,16,2,2499,4998
453,195,15,1,799,799
454,196,32,1,499,499
455,196,37,1,399,399
456,197,2,1,2499,2499
457,198,49,1,549,549
458,199,38,1,349,349
459,199,3,1,399,399
460,199,5,1,2999,2999
461,200,37,4,399,1596
462,200,20,2,299,598
463,201,41,3,549,1647
464,201,21,3,899,2697
465,201,10,2,599,1198
466,202,4,3,1899,5697
467,203,35,4,1499,5996
468,203,8,2,899,1798
469,204,7,1,3499,3499
470,204,41,1,549,549
471,205,16,1,2499,2499
472,205,28,1,449,449
473,206,38,2,349,698
474,206,37,1,399,399
475,207,26,1,649,649
476,207,9,1,1299,1299
477,208,1,2,1499,2998
478,208,19,1,2999,2999
479,208,36,1,249,249
480,208,26,2,649,1298
481,208,22,1,599,599
482,209,10,2,599,1198
483,209,39,1,1999,1999
484,209,32,1,499,499
485,210,35,3,1499,4497
486,210,39,1,1999,1999
487,210,49,2,549,1098
488,210,28,2,449,898
489,211,5,1,2999,2999
490,211,6,1,999,999
491,212,33,2,599,1198
492,212,4,2,1899,3798
493,212,31,2,699,1398
494,213,4,4,1899,7596
495,213,46,1,399,399
496,213,48,3,649,1947
497,213,39,2,1999,3998
498,214,25,3,349,1047
499,214,27,2,1199,2398
500,214,1,1,1499,1499
501,214,21,1,899,899
502,215,40,2,449,898
503,215,45,2,749,1498
504,216,47,3,449,1347
505,216,31,1,699,699
506,216,15,2,799,1598
507,217,9,4,1299,5196
508,217,39,1,1999,1999
509,218,41,1,549,549
510,219,46,1,399,399
511,219,11,3,499,1497
512,220,20,3,299,897
513,220,19,1,2999,2999
514,221,38,2,349,698
515,221,8,3,899,2697
516,222,38,1,349,349
517,223,47,3,449,1347
518,224,42,1,699,699
519,224,1,4,1499,5996
520,225,43,2,499,998
521,225,42,3,699,2097
522,225,46,1,399,399
523,226,48,2,649,1298
524,227,49,2,549,1098
525,227,9,1,1299,1299
526,227,30,1,249,249
527,228,28,1,449,449
528,228,35,2,1499,2998
529,229,6,3,999,2997
530,229,4,1,1899,1899
531,229,33,1,599,599
532,230,39,2,1999,3998
533,230,31,2,699,1398
534,231,20,1,299,299
535,231,43,1,499,499
536,232,37,3,399,1197
537,232,32,1,499,499
538,233,35,1,1499,1499
539,234,39,1,1999,1999
540,234,8,1,899,899
541,234,50,2,499,998
542,235,28,1,449,449
543,235,8,1,899,899
544,235,44,1,599,599
545,235,32,2,499,998
546,236,23,4,749,2996
547,237,37,2,399,798
548,237,2,1,2499,2499
549,238,4,3,1899,5697
550,238,23,1,749,749
551,239,37,2,399,798
552,239,1,1,1499,1499
553,239,8,1,899,899
554,240,23,1,749,749
555,240,42,1,699,699
556,241,44,2,599,1198
557,241,9,2,1299,2598
558,242,34,1,299,299
559,242,48,3,649,1947
560,243,45,2,749,1498
561,243,48,1,649,649
562,244,26,3,649,1947
563,244,40,2,449,898
564,244,3,2,399,798
565,244,48,3,649,1947
566,245,42,2,699,1398
567,245,46,1,399,399
568,245,23,2,749,1498
569,246,45,2,749,1498
570,247,42,2,699,1398
571,247,39,2,1999,3998
572,247,15,1,799,799
573,248,40,1,449,449
574,248,13,1,1599,1599
575,248,2,3,2499,7497
576,249,43,3,499,1497
577,249,34,2,299,598
578,249,6,1,999,999
579,250,2,1,2499,2499
580,251,2,3,2499,7497
581,252,20,1,299,299
582,252,6,1,999,999
583,253,10,1,599,599
584,254,10,2,599,1198
585,254,23,1,749,749
586,254,32,4,499,1996
587,255,4,1,1899,1899
588,256,10,1,599,599
589,257,30,1,249,249
590,257,8,1,899,899
591,258,19,2,2999,5998
592,258,37,2,399,798
593,259,21,2,899,1798
594,259,4,1,1899,1899
595,259,25,1,349,349
596,259,35,2,1499,2998
597,260,2,2,2499,4998
598,260,21,1,899,899
599,260,41,2,549,1098
600,260,43,2,499,998
601,261,32,1,499,499
602,261,34,2,299,598
603,262,10,1,599,599
604,263,19,1,2999,2999
605,263,40,3,449,1347
606,263,33,4,599,2396
607,263,41,2,549,1098
608,263,34,2,299,598
609,264,4,3,1899,5697
610,265,44,3,599,1797
611,265,20,1,299,299
612,266,46,2,399,798
613,266,16,2,2499,4998
614,267,40,2,449,898
615,268,31,1,699,699
616,268,50,1,499,499
617,269,21,1,899,899
618,269,33,2,599,1198
619,270,49,1,549,549
620,270,26,2,649,1298
621,270,46,1,399,399
622,271,25,1,349,349
623,272,44,1,599,599
624,272,26,2,649,1298
625,273,1,1,1499,1499
626,273,44,3,599,1797
627,274,32,2,499,998
628,274,41,2,549,1098
629,274,50,2,499,998
630,275,47,1,449,449
631,275,5,3,2999,8997
632,275,40,2,449,898
633,276,27,1,1199,1199
634,276,30,1,249,249
635,276,44,2,599,1198
636,277,1,1,1499,1499
637,277,8,1,899,899
638,277,35,1,1499,1499
639,278,21,1,899,899
640,278,49,3,549,1647
641,278,27,2,1199,2398
642,279,18,1,449,449
643,279,37,1,399,399
644,279,28,2,449,898
645,280,1,4,1499,5996
646,280,15,2,799,1598
647,281,21,2,899,1798
648,282,41,2,549,1098
649,282,15,2,799,1598
650,283,42,2,699,1398
651,283,13,2,1599,3198
652,283,5,1,2999,2999
653,284,18,3,449,1347
654,284,39,1,1999,1999
655,284,21,4,899,3596
656,284,15,2,799,1598
657,285,49,3,549,1647
658,285,41,1,549,549
659,286,49,1,549,549
660,286,47,3,449,1347
661,287,32,1,499,499
662,287,21,2,899,1798
663,288,39,3,1999,5997
664,288,3,1,399,399
665,289,32,2,499,998
666,290,31,1,699,699
667,290,15,3,799,2397
668,291,18,4,449,1796
669,291,50,3,499,1497
670,291,33,1,599,599
671,292,5,2,2999,5998
672,292,46,1,399,399
673,293,2,2,2499,4998
674,293,43,3,499,1497
675,294,19,1,2999,2999
676,294,7,1,3499,3499
677,294,36,1,249,249
678,295,19,2,2999,5998
679,295,5,2,2999,5998
680,296,46,1,399,399
681,296,34,4,299,1196
682,296,43,3,499,1497
683,297,50,2,499,998
684,297,5,1,2999,2999
685,298,4,2,1899,3798
686,298,23,1,749,749
687,298,45,2,749,1498
688,299,22,1,599,599
689,299,30,2,249,498
690,300,44,2,599,1198
691,300,48,1,649,649
692,301,33,2,599,1198
693,301,45,1,749,749
694,302,2,2,2499,4998
695,302,35,1,1499,1499
696,302,39,1,1999,1999
697,302,26,2,649,1298
698,303,15,1,799,799
699,303,42,2,699,1398
700,304,36,1,249,249
701,304,45,1,749,749
702,305,4,2,1899,3798
703,305,9,2,1299,2598
704,305,23,2,749,1498
705,306,43,2,499,998
706,306,40,1,449,449
707,307,26,1,649,649
708,307,22,1,599,599
709,308,49,1,549,549
710,308,10,2,599,1198
711,309,4,1,1899,1899
712,309,33,1,599,599
713,309,27,3,1199,3597
714,310,26,1,649,649
715,310,15,2,799,1598
716,310,48,1,649,649
717,311,43,2,499,998
718,311,42,1,699,699
719,311,26,1,649,649
720,312,3,1,399,399
721,312,37,1,399,399
722,313,18,1,449,449
723,314,36,2,249,498
724,315,26,3,649,1947
725,315,30,1,249,249
726,315,16,1,2499,2499
727,315,31,1,699,699
728,315,13,2,1599,3198
729,316,34,1,299,299
730,317,28,4,449,1796
731,317,3,1,399,399
732,318,18,3,449,1347
733,319,26,1,649,649
734,319,41,1,549,549
735,319,19,3,2999,8997
736,320,2,2,2499,4998
737,320,49,3,549,1647
738,320,9,1,1299,1299
739,320,30,1,249,249
740,321,28,1,449,449
741,321,48,2,649,1298
742,322,45,1,749,749
743,322,33,3,599,1797
744,322,5,1,2999,2999
745,323,40,1,449,449
746,324,44,4,599,2396
747,324,33,1,599,599
748,325,45,2,749,1498
749,326,22,1,599,599
750,326,10,2,599,1198
751,326,25,3,349,1047
752,326,19,3,2999,8997
753,327,37,2,399,798
754,327,16,1,2499,2499
755,327,6,1,999,999
756,327,36,3,249,747
757,327,48,2,649,1298
758,328,39,1,1999,1999
759,328,35,2,1499,2998
760,329,36,1,249,249
761,329,37,2,399,798
762,330,43,1,499,499
763,330,47,1,449,449
764,331,19,1,2999,2999
765,332,30,1,249,249
766,332,42,3,699,2097
767,333,6,1,999,999
768,334,34,2,299,598
769,335,3,1,399,399
770,336,33,1,599,599
771,336,34,1,299,299
772,337,25,1,349,349
773,337,21,1,899,899
774,337,30,1,249,249
775,338,6,1,999,999
776,339,40,1,449,449
777,339,47,1,449,449
778,340,8,1,899,899
779,341,15,1,799,799
780,342,20,3,299,897
781,342,23,1,749,749
782,342,49,2,549,1098
783,343,40,3,449,1347
784,344,23,1,749,749
785,345,31,2,699,1398
786,345,43,1,499,499
787,346,10,1,599,599
788,346,31,2,699,1398
789,346,18,1,449,449
790,347,41,2,549,1098
791,347,35,1,1499,1499
792,348,25,2,349,698
793,348,15,2,799,1598
794,348,33,1,599,599
795,349,41,1,549,549
796,349,2,2,2499,4998
797,350,1,1,1499,1499
798,351,27,1,1199,1199
799,351,26,2,649,1298
800,351,18,1,449,449
801,352,40,2,449,898
802,352,23,2,749,1498
803,352,25,1,349,349
804,353,26,2,649,1298
805,354,44,4,599,2396
806,354,42,1,699,699
807,354,31,1,699,699
808,355,15,1,799,799
809,355,36,2,249,498
810,356,23,1,749,749
811,356,6,2,999,1998
812,357,50,2,499,998
813,358,15,1,799,799
814,359,22,1,599,599
815,359,16,1,2499,2499
816,359,18,2,449,898
817,359,48,1,649,649
818,359,39,3,1999,5997
819,360,11,1,499,499
820,360,8,1,899,899
821,361,30,3,249,747
822,361,16,1,2499,2499
823,361,9,3,1299,3897
824,362,11,3,499,1497
825,362,44,2,599,1198
826,362,42,2,699,1398
827,363,21,4,899,3596
828,363,15,1,799,799
829,363,1,3,1499,4497
830,364,19,1,2999,2999
831,364,39,2,1999,3998
832,365,35,1,1499,1499
833,365,42,1,699,699
834,366,35,2,1499,2998
835,366,27,2,1199,2398
836,367,45,3,749,2247
837,368,32,3,499,1497
838,368,19,2,2999,5998
839,368,13,1,1599,1599
840,369,13,1,1599,1599
841,369,50,3,499,1497
842,369,42,1,699,699
843,369,7,3,3499,10497
844,370,46,2,399,798
845,371,5,3,2999,8997
846,371,50,1,499,499
847,371,16,2,2499,4998
848,372,28,1,449,449
849,373,25,1,349,349
850,374,16,2,2499,4998
851,375,5,2,2999,5998
852,375,46,2,399,798
853,376,31,1,699,699
854,376,15,1,799,799
855,377,9,1,1299,1299
856,378,37,1,399,399
857,378,35,2,1499,2998
858,378,5,2,2999,5998
859,379,36,3,249,747
860,379,21,1,899,899
861,380,7,1,3499,3499
862,381,31,1,699,699
863,382,1,1,1499,1499
864,382,49,1,549,549
865,382,21,1,899,899
866,383,49,2,549,1098
867,384,4,3,1899,5697
868,384,46,2,399,798
869,385,7,1,3499,3499
870,385,30,1,249,249
871,385,50,1,499,499
872,386,15,3,799,2397
873,386,19,1,2999,2999
874,386,28,1,449,449
875,387,1,1,1499,1499
876,388,48,1,649,649
877,389,7,2,3499,6998
878,389,48,3,649,1947
879,389,11,1,499,499
880,389,3,2,399,798
881,389,32,2,499,998
882,390,31,1,699,699
883,390,33,1,599,599
884,390,8,1,899,899
885,390,18,1,449,449
886,391,30,1,249,249
887,391,16,1,2499,2499
888,392,47,1,449,449
889,392,45,3,749,2247
890,392,28,1,449,449
891,393,37,2,399,798
892,393,7,3,3499,10497
893,393,40,2,449,898
894,394,7,2,3499,6998
895,395,50,1,499,499
896,395,30,2,249,498
897,395,49,2,549,1098
898,395,9,4,1299,5196
899,395,26,2,649,1298
900,396,2,2,2499,4998
901,397,30,2,249,498
902,397,38,1,349,349
903,398,1,1,1499,1499
904,398,18,2,449,898
905,399,19,2,2999,5998
906,400,45,1,749,749
907,400,6,1,999,999
908,400,4,1,1899,1899
909,401,47,1,449,449
910,401,3,2,399,798
911,402,34,2,299,598
912,402,26,2,649,1298
913,402,9,2,1299,2598
914,402,21,4,899,3596
915,402,25,2,349,698
916,403,2,1,2499,2499
917,404,26,2,649,1298
918,404,19,3,2999,8997
919,404,16,2,2499,4998
920,405,49,2,549,1098
921,406,30,2,249,498
922,407,46,1,399,399
923,408,5,4,2999,11996
924,408,15,3,799,2397
925,408,4,1,1899,1899
926,408,46,1,399,399
927,409,16,2,2499,4998
928,409,19,1,2999,2999
929,410,11,1,499,499
930,410,15,1,799,799
931,411,22,2,599,1198
932,412,15,1,799,799
933,412,21,1,899,899
934,412,36,1,249,249
935,412,6,2,999,1998
936,412,28,2,449,898
937,413,36,1,249,249
938,413,2,1,2499,2499
939,413,30,3,249,747
940,414,40,2,449,898
941,414,10,1,599,599
942,415,23,1,749,749
943,415,35,2,1499,2998
944,416,26,2,649,1298
945,416,9,1,1299,1299
946,417,1,1,1499,1499
947,417,38,1,349,349
948,417,28,1,449,449
949,417,37,2,399,798
950,418,23,4,749,2996
951,418,47,1,449,449
952,419,8,1,899,899
953,419,30,1,249,249
954,419,42,1,699,699
955,419,11,3,499,1497
956,420,38,2,349,698
957,420,37,2,399,798
958,420,46,2,399,798
959,421,19,2,2999,5998
960,421,36,2,249,498
961,421,3,2,399,798
962,421,28,2,449,898
963,422,35,3,1499,4497
964,423,19,2,2999,5998
965,424,11,2,499,998
966,424,1,1,1499,1499
967,424,8,2,899,1798
968,424,6,4,999,3996
969,424,47,1,449,449
970,425,33,1,599,599
971,425,11,4,499,1996
972,425,20,2,299,598
973,425,50,1,499,499
974,426,32,1,499,499
975,426,6,2,999,1998
976,427,10,3,599,1797
977,427,21,1,899,899
978,427,16,1,2499,2499
979,428,37,1,399,399
980,428,1,1,1499,1499
981,428,7,1,3499,3499
982,428,5,1,2999,2999
983,428,50,1,499,499
984,429,9,1,1299,1299
985,430,8,1,899,899
986,431,13,2,1599,3198
987,431,15,3,799,2397
988,431,4,1,1899,1899
989,432,32,3,499,1497
990,432,34,1,299,299
991,432,46,1,399,399
992,432,45,1,749,749
993,432,7,1,3499,3499
994,433,43,1,499,499
995,433,19,2,2999,5998
996,434,4,1,1899,1899
997,435,48,2,649,1298
998,435,43,1,499,499
999,435,3,2,399,798
1000,435,7,4,3499,13996
1001,435,16,2,2499,4998
1002,436,36,1,249,249
1003,436,26,2,649,1298
1004,436,44,1,599,599
1005,436,33,1,599,599
1006,437,28,2,449,898
1007,438,4,3,1899,5697
1008,438,27,3,1199,3597
1009,439,50,1,499,499
1010,440,9,1,1299,1299
1011,440,2,2,2499,4998
1012,440,44,4,599,2396
1013,441,19,2,2999,5998
1014,441,28,2,449,898
1015,441,34,1,299,299
1016,442,15,4,799,3196
1017,442,1,4,1499,5996
1018,443,2,3,2499,7497
1019,443,46,4,399,1596
1020,443,28,2,449,898
1021,444,18,1,449,449
1022,444,44,2,599,1198
1023,444,37,1,399,399
1024,445,36,3,249,747
1025,445,48,3,649,1947
1026,446,22,2,599,1198
1027,446,44,3,599,1797
1028,446,15,3,799,2397
1029,447,38,1,349,349
1030,447,3,1,399,399
1031,447,9,3,1299,3897
1032,448,35,2,1499,2998
1033,448,11,1,499,499
1034,448,34,1,299,299
1035,448,8,2,899,1798
1036,448,36,2,249,498
1037,449,33,4,599,2396
1038,450,25,3,349,1047
1039,451,18,1,449,449
1040,451,20,3,299,897
1041,451,48,1,649,649
1042,452,40,2,449,898
1043,453,50,3,499,1497
1044,453,26,3,649,1947
1045,454,44,1,599,599
1046,454,5,3,2999,8997
1047,454,47,2,449,898
1048,455,47,3,449,1347
1049,455,41,1,549,549
1050,455,33,1,599,599
1051,456,6,1,999,999
1052,457,15,2,799,1598
1053,457,8,1,899,899
1054,458,30,2,249,498
1055,458,42,1,699,699
1056,459,15,4,799,3196
1057,459,30,1,249,249
1058,460,49,2,549,1098
1059,460,9,2,1299,2598
1060,461,31,1,699,699
1061,462,25,1,349,349
1062,462,10,1,599,599
1063,462,22,2,599,1198
1064,462,18,1,449,449
1065,463,50,1,499,499
1066,463,3,2,399,798
1067,463,44,2,599,1198
1068,464,42,1,699,699
1069,465,37,1,399,399
1070,465,22,3,599,1797
1071,465,30,1,249,249
1072,466,18,3,449,1347
1073,466,50,2,499,998
1074,466,4,3,1899,5697
1075,467,23,4,749,2996
1076,467,48,2,649,1298
1077,467,11,1,499,499
1078,468,27,2,1199,2398
1079,468,31,1,699,699
1080,468,5,2,2999,5998
1081,469,41,1,549,549
1082,470,43,3,499,1497
1083,471,23,1,749,749
1084,472,9,1,1299,1299
1085,473,10,1,599,599
1086,473,16,2,2499,4998
1087,474,1,1,1499,1499
1088,474,28,2,449,898
1089,474,42,3,699,2097
1090,475,33,3,599,1797
1091,475,49,3,549,1647
1092,476,36,1,249,249
1093,477,38,2,349,698
1094,478,10,2,599,1198
1095,478,46,1,399,399
1096,479,31,1,699,699
1097,480,13,2,1599,3198
1098,480,47,4,449,1796
1099,480,30,2,249,498
1100,481,35,3,1499,4497
1101,482,21,1,899,899
1102,482,46,1,399,399
1103,482,47,1,449,449
1104,483,47,2,449,898
1105,484,2,2,2499,4998
1106,484,43,2,499,998
1107,485,7,2,3499,6998
1108,486,36,4,249,996
1109,487,23,1,749,749
1110,487,42,1,699,699
1111,487,9,3,1299,3897
1112,488,13,1,1599,1599
1113,488,31,2,699,1398
1114,488,50,2,499,998
1115,489,37,3,399,1197
1116,489,5,2,2999,5998
1117,489,39,3,1999,5997
1118,490,16,1,2499,2499
1119,490,48,2,649,1298
1120,490,8,1,899,899
1121,491,25,1,349,349
1122,491,8,2,899,1798
1123,492,6,3,999,2997
1124,492,41,1,549,549
1125,492,20,4,299,1196
1126,493,28,1,449,449
1127,493,40,4,449,1796
1128,494,19,3,2999,8997
1129,494,23,2,749,1498
1130,494,3,2,399,798
1131,495,34,1,299,299
1132,495,9,1,1299,1299
1133,495,42,3,699,2097
1134,496,44,1,599,599
1135,496,40,3,449,1347
1136,496,38,1,349,349
1137,496,16,1,2499,2499
1138,496,50,1,499,499
1139,497,9,1,1299,1299
1140,497,44,1,599,599
1141,497,41,1,549,549
1142,498,5,1,2999,2999
1143,498,41,1,549,549
1144,499,31,2,699,1398
1145,499,35,3,1499,4497
1146,499,6,1,999,999
1147,499,20,1,299,299
1148,500,21,2,899,1798
1149,500,46,1,399,399
1150,501,48,3,649,1947
1151,501,47,2,449,898
1152,502,10,4,599,2396
1153,502,25,1,349,349
1154,503,44,1,599,599
1155,504,40,1,449,449
1156,505,5,2,2999,5998
1157,505,26,1,649,649
1158,506,21,3,899,2697
1159,506,10,1,599,599
1160,507,30,4,249,996
1161,508,7,2,3499,6998
1162,509,39,2,1999,3998
1163,510,37,2,399,798
1164,510,7,2,3499,6998
1165,511,41,3,549,1647
1166,511,21,1,899,899
1167,511,44,3,599,1797
1168,511,7,1,3499,3499
1169,512,49,2,549,1098
1170,512,40,3,449,1347
1171,513,43,1,499,499
1172,513,9,2,1299,2598
1173,514,48,1,649,649
1174,514,9,2,1299,2598
1175,514,10,1,599,599
1176,515,28,2,449,898
1177,515,19,2,2999,5998
1178,515,49,1,549,549
1179,516,35,2,1499,2998
1180,516,38,2,349,698
1181,516,22,3,599,1797
1182,516,21,1,899,899
1183,516,33,2,599,1198
1184,517,23,1,749,749
1185,518,6,1,999,999
1186,518,46,2,399,798
1187,519,11,2,499,998
1188,519,42,2,699,1398
1189,519,4,1,1899,1899
1190,519,6,3,999,2997
1191,520,33,1,599,599
1192,520,49,2,549,1098
1193,520,38,2,349,698
1194,520,9,2,1299,2598
1195,520,36,1,249,249
1196,521,15,3,799,2397
1197,522,33,2,599,1198
1198,522,50,1,499,499
1199,522,40,2,449,898
1200,523,39,4,1999,7996
1201,523,49,2,549,1098
1202,523,44,3,599,1797
1203,523,3,2,399,798
1204,523,34,1,299,299
1205,524,9,2,1299,2598
1206,525,33,4,599,2396
1207,525,37,1,399,399
1208,525,30,2,249,498
1209,525,11,3,499,1497
1210,525,28,3,449,1347
1211,526,22,1,599,599
1212,526,23,2,749,1498
1213,526,36,2,249,498
1214,526,20,1,299,299
1215,527,47,3,449,1347
1216,527,38,1,349,349
1217,528,45,1,749,749
1218,528,37,1,399,399
1219,529,23,1,749,749
1220,529,27,1,1199,1199
1221,530,31,1,699,699
1222,530,27,1,1199,1199
1223,530,1,1,1499,1499
1224,531,10,1,599,599
1225,531,32,1,499,499
1226,532,48,1,649,649
1227,533,28,1,449,449
1228,533,23,3,749,2247
1229,534,21,4,899,3596
1230,534,7,2,3499,6998
1231,535,9,2,1299,2598
1232,535,27,1,1199,1199
1233,536,15,1,799,799
1234,536,8,1,899,899
1235,536,22,1,599,599
1236,536,3,1,399,399
1237,537,36,1,249,249
1238,537,48,1,649,649
1239,537,21,1,899,899
1240,538,9,2,1299,2598
1241,538,25,3,349,1047
1242,538,31,3,699,2097
1243,539,8,2,899,1798
1244,539,7,1,3499,3499
1245,540,1,1,1499,1499
1246,540,49,2,549,1098
1247,541,44,1,599,599
1248,541,1,1,1499,1499
1249,542,33,2,599,1198
1250,542,19,2,2999,5998
1251,543,21,2,899,1798
1252,544,50,1,499,499
1253,544,19,2,2999,5998
1254,544,48,3,649,1947
1255,544,33,2,599,1198
1256,545,13,4,1599,6396
1257,545,15,2,799,1598
1258,546,18,1,449,449
1259,546,8,1,899,899
1260,547,10,1,599,599
1261,547,33,1,599,599
1262,547,2,1,2499,2499
1263,547,45,1,749,749
1264,547,15,2,799,1598
1265,548,26,1,649,649
1266,549,33,2,599,1198
1267,550,21,1,899,899
1268,550,28,1,449,449
1269,551,25,1,349,349
1270,551,4,1,1899,1899
1271,552,25,1,349,349
1272,552,16,3,2499,7497
1273,552,22,1,599,599
1274,553,37,1,399,399
1275,554,7,1,3499,3499
1276,554,48,2,649,1298
1277,555,26,2,649,1298
1278,555,28,1,449,449
1279,555,43,1,499,499
1280,555,39,2,1999,3998
1281,556,7,1,3499,3499
1282,557,8,4,899,3596
1283,557,3,3,399,1197
1284,557,43,3,499,1497
1285,558,34,3,299,897
1286,559,40,2,449,898
1287,560,36,2,249,498
1288,560,15,1,799,799
1289,561,32,2,499,998
1290,562,41,4,549,2196
1291,563,34,1,299,299
1292,563,46,1,399,399
1293,563,8,3,899,2697
1294,563,33,2,599,1198
1295,564,44,1,599,599
1296,565,22,1,599,599
1297,565,3,3,399,1197
1298,565,42,1,699,699
1299,565,4,2,1899,3798
1300,565,50,2,499,998
1301,566,34,2,299,598
1302,567,30,2,249,498
1303,567,31,1,699,699
1304,568,42,1,699,699
1305,569,38,1,349,349
1306,569,35,3,1499,4497
1307,569,39,1,1999,1999
1308,570,8,1,899,899
1309,571,19,1,2999,2999
1310,572,21,1,899,899
1311,572,9,2,1299,2598
1312,573,19,2,2999,5998
1313,573,16,1,2499,2499
1314,574,44,1,599,599
1315,574,28,3,449,1347
1316,575,20,1,299,299
1317,575,9,4,1299,5196
1318,575,32,2,499,998
1319,575,45,1,749,749
1320,576,21,1,899,899
1321,576,13,1,1599,1599
1322,577,43,1,499,499
1323,577,7,2,3499,6998
1324,577,50,3,499,1497
1325,578,41,3,549,1647
1326,578,16,1,2499,2499
1327,579,43,2,499,998
1328,580,31,2,699,1398
1329,580,10,1,599,599
1330,580,34,1,299,299
1331,580,18,1,449,449
1332,581,35,3,1499,4497
1333,581,13,1,1599,1599
1334,582,13,1,1599,1599
1335,582,47,1,449,449
1336,583,31,1,699,699
1337,583,49,1,549,549
1338,583,44,1,599,599
1339,583,15,3,799,2397
1340,584,7,1,3499,3499
1341,584,39,1,1999,1999
1342,584,9,1,1299,1299
1343,584,1,1,1499,1499
1344,584,44,3,599,1797
1345,585,9,1,1299,1299
1346,585,19,2,2999,5998
1347,585,6,1,999,999
1348,585,21,4,899,3596
1349,586,7,1,3499,3499
1350,586,40,2,449,898
1351,586,26,3,649,1947
1352,586,6,3,999,2997
1353,586,15,1,799,799
1354,587,19,2,2999,5998
1355,587,4,1,1899,1899
1356,588,2,1,2499,2499
1357,588,3,1,399,399
1358,589,32,1,499,499
1359,589,10,1,599,599
1360,590,30,1,249,249
1361,591,18,2,449,898
1362,591,49,2,549,1098
1363,591,30,3,249,747
1364,592,8,1,899,899
1365,592,18,4,449,1796
1366,593,45,1,749,749
1367,593,26,3,649,1947
1368,594,3,1,399,399
1369,594,44,1,599,599
1370,594,10,1,599,599
1371,594,13,1,1599,1599
1372,595,49,1,549,549
1373,595,23,1,749,749
1374,595,45,3,749,2247
1375,595,22,2,599,1198
1376,596,5,1,2999,2999
1377,596,1,1,1499,1499
1378,596,10,1,599,599
1379,596,47,2,449,898
1380,597,5,1,2999,2999
1381,597,8,1,899,899
1382,597,42,1,699,699
1383,597,33,2,599,1198
1384,597,21,1,899,899
1385,598,36,4,249,996
1386,598,50,2,499,998
1387,599,9,3,1299,3897
1388,599,47,1,449,449
1389,600,40,2,449,898
1390,600,37,3,399,1197
1391,601,43,2,499,998
1392,601,32,2,499,998
1393,602,18,1,449,449
1394,602,50,1,499,499
1395,602,6,4,999,3996
1396,603,41,1,549,549
1397,604,8,1,899,899
1398,605,9,1,1299,1299
1399,605,22,3,599,1797
1400,606,32,1,499,499
1401,606,19,1,2999,2999
1402,607,8,1,899,899
1403,607,50,1,499,499
1404,607,10,4,599,2396
1405,608,50,2,499,998
1406,608,7,1,3499,3499
1407,609,11,1,499,499
1408,609,2,1,2499,2499
1409,609,10,1,599,599
1410,610,32,2,499,998
1411,610,10,1,599,599
1412,611,39,2,1999,3998
1413,612,32,2,499,998
1414,613,47,1,449,449
1415,613,50,1,499,499
1416,614,47,1,449,449
1417,615,38,1,349,349
1418,615,11,1,499,499
1419,615,1,3,1499,4497
1420,616,20,2,299,598
1421,616,42,2,699,1398
1422,617,11,4,499,1996
1423,617,21,2,899,1798
1424,618,9,1,1299,1299
1425,618,16,1,2499,2499
1426,618,31,2,699,1398
1427,618,45,2,749,1498
1428,618,4,3,1899,5697
1429,619,35,2,1499,2998
1430,619,36,1,249,249
1431,619,25,1,349,349
1432,620,28,2,449,898
1433,621,7,1,3499,3499
1434,622,26,1,649,649
1435,622,2,1,2499,2499
1436,623,16,2,2499,4998
1437,624,23,1,749,749
1438,624,15,3,799,2397
1439,624,41,1,549,549
1440,625,42,2,699,1398
1441,626,36,1,249,249
1442,626,3,1,399,399
1443,627,27,4,1199,4796
1444,627,22,2,599,1198
1445,628,31,4,699,2796
1446,628,27,2,1199,2398
1447,629,32,3,499,1497
1448,630,38,1,349,349
1449,630,10,2,599,1198
1450,631,3,1,399,399
1451,631,22,2,599,1198
1452,632,46,1,399,399
1453,633,16,1,2499,2499
1454,633,49,2,549,1098
1455,633,47,4,449,1796
1456,634,44,2,599,1198
1457,634,47,2,449,898
1458,635,9,1,1299,1299
1459,635,26,2,649,1298
1460,636,3,1,399,399
1461,636,49,2,549,1098
1462,636,30,1,249,249
1463,636,19,1,2999,2999
1464,637,37,3,399,1197
1465,637,7,1,3499,3499
1466,638,41,1,549,549
1467,638,6,1,999,999
1468,638,37,1,399,399
1469,638,7,1,3499,3499
1470,639,27,1,1199,1199
1471,639,6,2,999,1998
1472,640,36,2,249,498
1473,640,20,1,299,299
1474,641,8,1,899,899
1475,641,42,1,699,699
1476,641,37,1,399,399
1477,641,3,2,399,798
1478,642,34,3,299,897
1479,642,28,4,449,1796
1480,642,38,1,349,349
1481,643,38,3,349,1047
1482,643,34,4,299,1196
1483,643,20,1,299,299
1484,644,4,1,1899,1899
1485,644,19,1,2999,2999
1486,644,50,1,499,499
1487,644,41,2,549,1098
1488,644,1,3,1499,4497
1489,645,35,2,1499,2998
1490,646,35,2,1499,2998
1491,646,47,3,449,1347
1492,647,13,2,1599,3198
1493,648,31,1,699,699
1494,648,33,1,599,599
1495,648,15,2,799,1598
1496,648,26,1,649,649
1497,649,8,1,899,899
1498,649,21,1,899,899
1499,649,35,1,1499,1499
1500,650,25,1,349,349
1501,650,42,2,699,1398
1502,651,28,4,449,1796
1503,651,33,1,599,599
1504,652,2,4,2499,9996
1505,653,21,1,899,899
1506,653,20,1,299,299
1507,653,46,1,399,399
1508,654,34,3,299,897
1509,655,48,1,649,649
1510,655,20,1,299,299
1511,656,33,1,599,599
1512,656,26,3,649,1947
1513,656,23,1,749,749
1514,656,11,2,499,998
1515,657,50,3,499,1497
1516,657,33,2,599,1198
1517,657,27,3,1199,3597
1518,658,44,1,599,599
1519,658,15,2,799,1598
1520,659,25,4,349,1396
1521,659,48,3,649,1947
1522,660,25,3,349,1047
1523,660,1,3,1499,4497
1524,660,10,1,599,599
1525,661,49,1,549,549
1526,661,32,2,499,998
1527,662,9,1,1299,1299
1528,662,46,2,399,798
1529,662,34,1,299,299
1530,662,43,2,499,998
1531,662,7,2,3499,6998
1532,663,16,1,2499,2499
1533,663,27,1,1199,1199
1534,664,1,1,1499,1499
1535,664,28,1,449,449
1536,664,2,3,2499,7497
1537,665,37,2,399,798
1538,666,32,1,499,499
1539,666,27,2,1199,2398
1540,667,26,3,649,1947
1541,667,8,1,899,899
1542,668,41,1,549,549
1543,668,44,1,599,599
1544,669,48,2,649,1298
1545,670,22,2,599,1198
1546,670,50,3,499,1497
1547,671,6,2,999,1998
1548,671,7,1,3499,3499
1549,671,47,1,449,449
1550,671,2,2,2499,4998
1551,672,7,2,3499,6998
1552,672,46,1,399,399
1553,672,34,1,299,299
1554,672,38,1,349,349
1555,673,35,2,1499,2998
1556,674,36,4,249,996
1557,675,35,3,1499,4497
1558,675,32,2,499,998
1559,676,31,2,699,1398
1560,676,1,2,1499,2998
1561,676,28,1,449,449
1562,677,23,1,749,749
1563,677,32,3,499,1497
1564,677,49,1,549,549
1565,678,10,2,599,1198
1566,679,39,1,1999,1999
1567,679,44,4,599,2396
1568,679,25,4,349,1396
1569,680,31,1,699,699
1570,681,4,1,1899,1899
1571,681,42,3,699,2097
1572,682,13,3,1599,4797
1573,682,31,2,699,1398
1574,683,7,2,3499,6998
1575,683,9,2,1299,2598
1576,684,46,1,399,399
1577,684,20,1,299,299
1578,684,41,1,549,549
1579,685,1,2,1499,2998
1580,686,2,2,2499,4998
1581,686,45,3,749,2247
1582,687,30,1,249,249
1583,688,35,1,1499,1499
1584,688,46,2,399,798
1585,688,27,1,1199,1199
1586,689,19,2,2999,5998
1587,690,30,1,249,249
1588,690,20,1,299,299
1589,690,48,1,649,649
1590,691,43,3,499,1497
1591,692,44,1,599,599
1592,693,20,3,299,897
1593,694,37,3,399,1197
1594,695,16,2,2499,4998
1595,695,31,1,699,699
1596,695,7,1,3499,3499
1597,695,37,2,399,798
1598,696,32,1,499,499
1599,697,34,1,299,299
1600,697,11,1,499,499
1601,698,42,2,699,1398
1602,699,8,4,899,3596
1603,699,26,2,649,1298
1604,699,27,1,1199,1199
1605,699,36,2,249,498
1606,700,8,1,899,899
1607,701,2,2,2499,4998
1608,702,16,3,2499,7497
1609,702,28,1,449,449
1610,702,8,1,899,899
1611,703,50,3,499,1497
1612,704,36,1,249,249
1613,705,41,2,549,1098
1614,706,37,2,399,798
1615,706,33,1,599,599
1616,707,13,1,1599,1599
1617,708,21,2,899,1798
1618,708,31,2,699,1398
1619,708,7,1,3499,3499
1620,709,37,1,399,399
1621,709,33,2,599,1198
1622,709,34,3,299,897
1623,710,44,1,599,599
1624,710,30,2,249,498
1625,711,46,1,399,399
1626,711,5,3,2999,8997
1627,712,20,3,299,897
1628,712,43,2,499,998
1629,712,32,4,499,1996
1630,712,22,1,599,599
1631,712,44,1,599,599
1632,713,25,1,349,349
1633,714,19,1,2999,2999
1634,715,28,1,449,449
1635,715,10,1,599,599
1636,715,25,1,349,349
1637,716,35,2,1499,2998
1638,716,42,3,699,2097
1639,717,30,2,249,498
1640,717,22,2,599,1198
1641,718,21,2,899,1798
1642,719,48,1,649,649
1643,719,5,2,2999,5998
1644,719,42,1,699,699
1645,719,47,1,449,449
1646,720,37,1,399,399
1647,721,32,1,499,499
1648,721,8,1,899,899
1649,721,34,2,299,598
1650,721,11,1,499,499
1651,721,44,2,599,1198
1652,722,1,3,1499,4497
1653,722,35,1,1499,1499
1654,722,22,3,599,1797
1655,722,9,3,1299,3897
1656,723,47,1,449,449
1657,724,32,1,499,499
1658,724,23,2,749,1498
1659,725,41,1,549,549
1660,725,25,1,349,349
1661,726,35,1,1499,1499
1662,727,8,3,899,2697
1663,727,28,1,449,449
1664,728,1,1,1499,1499
1665,729,50,1,499,499
1666,729,33,3,599,1797
1667,729,18,1,449,449
1668,729,11,3,499,1497
1669,729,6,4,999,3996
1670,730,4,1,1899,1899
1671,730,20,1,299,299
1672,730,3,1,399,399
1673,730,8,2,899,1798
1674,731,30,1,249,249
1675,731,21,1,899,899
1676,731,50,1,499,499
1677,732,10,2,599,1198
1678,733,32,1,499,499
1679,733,46,2,399,798
1680,733,34,2,299,598
1681,733,48,2,649,1298
1682,734,25,2,349,698
1683,734,36,2,249,498
1684,734,18,1,449,449
1685,734,6,3,999,2997
1686,734,20,1,299,299
1687,735,16,1,2499,2499
1688,735,50,4,499,1996
1689,736,1,2,1499,2998
1690,737,30,1,249,249
1691,737,15,1,799,799
1692,738,39,2,1999,3998
1693,738,38,1,349,349
1694,738,25,1,349,349
1695,739,38,1,349,349
1696,740,28,1,449,449
1697,741,45,1,749,749
1698,741,38,1,349,349
1699,742,33,1,599,599
1700,743,42,1,699,699
1701,743,47,1,449,449
1702,744,8,1,899,899
1703,745,13,2,1599,3198
1704,745,21,1,899,899
1705,745,2,1,2499,2499
1706,745,36,3,249,747
1707,746,33,1,599,599
1708,747,33,1,599,599
1709,747,38,1,349,349
1710,748,4,1,1899,1899
1711,748,47,3,449,1347
1712,749,15,1,799,799
1713,750,39,1,1999,1999
1714,750,44,1,599,599
1715,751,47,1,449,449
1716,751,19,1,2999,2999
1717,751,8,1,899,899
1718,752,5,2,2999,5998
1719,753,45,2,749,1498
1720,754,31,1,699,699
1721,754,7,3,3499,10497
1722,755,37,2,399,798
1723,755,16,1,2499,2499
1724,755,11,1,499,499
1725,756,1,1,1499,1499
1726,756,7,3,3499,10497
1727,757,23,1,749,749
1728,757,50,1,499,499
1729,758,13,1,1599,1599
1730,759,1,1,1499,1499
1731,759,48,1,649,649
1732,760,20,3,299,897
1733,761,1,2,1499,2998
1734,762,43,1,499,499
1735,762,1,3,1499,4497
1736,762,37,2,399,798
1737,762,19,4,2999,11996
1738,762,36,3,249,747
1739,763,11,2,499,998
1740,763,10,1,599,599
1741,764,26,2,649,1298
1742,764,34,4,299,1196
1743,764,37,1,399,399
1744,765,28,1,449,449
1745,765,35,1,1499,1499
1746,766,39,1,1999,1999
1747,766,48,1,649,649
1748,766,44,2,599,1198
1749,767,10,3,599,1797
1750,767,32,2,499,998
1751,768,37,1,399,399
1752,769,50,1,499,499
1753,769,33,2,599,1198
1754,770,30,2,249,498
1755,771,46,1,399,399
1756,771,49,3,549,1647
1757,771,40,1,449,449
1758,771,34,1,299,299
1759,771,39,2,1999,3998
1760,772,21,2,899,1798
1761,772,23,2,749,1498
1762,772,15,3,799,2397
1763,772,3,1,399,399
1764,773,42,1,699,699
1765,773,27,1,1199,1199
1766,773,22,3,599,1797
1767,774,49,1,549,549
1768,775,45,1,749,749
1769,775,41,1,549,549
1770,775,48,1,649,649
1771,775,11,1,499,499
1772,775,23,1,749,749
1773,776,8,1,899,899
1774,776,4,1,1899,1899
1775,776,37,2,399,798
1776,777,20,1,299,299
1777,778,38,4,349,1396
1778,778,48,2,649,1298
1779,778,41,1,549,549
1780,778,10,2,599,1198
1781,779,6,1,999,999
1782,779,22,1,599,599
1783,780,49,1,549,549
1784,780,46,1,399,399
1785,781,20,2,299,598
1786,781,23,2,749,1498
1787,781,44,1,599,599
1788,781,13,2,1599,3198
1789,782,15,1,799,799
1790,782,20,1,299,299
1791,782,9,1,1299,1299
1792,783,46,1,399,399
1793,784,33,1,599,599
1794,785,50,2,499,998
1795,785,25,2,349,698
1796,786,27,1,1199,1199
1797,786,33,4,599,2396
1798,787,41,4,549,2196
1799,787,2,1,2499,2499
1800,788,45,2,749,1498
1801,788,23,1,749,749
1802,788,19,2,2999,5998
1803,789,22,1,599,599
1804,789,4,1,1899,1899
1805,789,31,3,699,2097
1806,789,9,3,1299,3897
1807,790,4,1,1899,1899
1808,790,6,3,999,2997
1809,791,26,1,649,649
1810,791,44,1,599,599
1811,792,26,1,649,649
1812,792,4,2,1899,3798
1813,793,4,1,1899,1899
1814,793,50,1,499,499
1815,794,37,3,399,1197
1816,794,9,2,1299,2598
1817,794,18,1,449,449
1818,795,1,2,1499,2998
1819,795,37,1,399,399
1820,796,10,2,599,1198
1821,797,7,1,3499,3499
1822,798,2,3,2499,7497
1823,799,4,1,1899,1899
1824,799,8,1,899,899
1825,800,19,3,2999,8997
1826,801,45,1,749,749
1827,801,49,2,549,1098
1828,802,10,2,599,1198
1829,803,48,1,649,649
1830,804,50,1,499,499
1831,804,40,1,449,449
1832,805,7,4,3499,13996
1833,806,48,1,649,649
1834,806,21,2,899,1798
1835,807,32,3,499,1497
1836,808,22,1,599,599
1837,809,1,1,1499,1499
1838,809,43,2,499,998
1839,810,45,4,749,2996
1840,810,34,1,299,299
1841,810,3,2,399,798
1842,810,27,1,1199,1199
1843,811,27,2,1199,2398
1844,811,38,1,349,349
1845,811,16,1,2499,2499
1846,811,39,2,1999,3998
1847,811,30,2,249,498
1848,812,9,2,1299,2598
1849,812,21,2,899,1798
1850,813,5,4,2999,11996
1851,813,47,2,449,898
1852,813,36,1,249,249
1853,813,30,2,249,498
1854,814,48,1,649,649
1855,814,39,2,1999,3998
1856,815,43,2,499,998
1857,815,27,3,1199,3597
1858,816,2,3,2499,7497
1859,817,7,2,3499,6998
1860,818,49,1,549,549
1861,818,36,1,249,249
1862,819,19,2,2999,5998
1863,819,7,1,3499,3499
1864,819,13,4,1599,6396
1865,820,4,1,1899,1899
1866,820,45,2,749,1498
1867,820,20,1,299,299
1868,820,8,1,899,899
1869,821,2,1,2499,2499
1870,821,13,2,1599,3198
1871,822,46,2,399,798
1872,822,42,1,699,699
1873,823,49,1,549,549
1874,823,22,2,599,1198
1875,824,39,1,1999,1999
1876,824,15,1,799,799
1877,825,7,1,3499,3499
1878,825,16,1,2499,2499
1879,825,3,2,399,798
1880,825,9,1,1299,1299
1881,825,1,1,1499,1499
1882,826,47,1,449,449
1883,826,39,1,1999,1999
1884,826,37,3,399,1197
1885,827,27,3,1199,3597
1886,827,45,3,749,2247
1887,828,34,1,299,299
1888,828,33,1,599,599
1889,828,46,1,399,399
1890,829,23,1,749,749
1891,829,7,1,3499,3499
1892,829,8,2,899,1798
1893,830,22,3,599,1797
1894,831,27,1,1199,1199
1895,832,22,1,599,599
1896,832,5,2,2999,5998
1897,832,40,2,449,898
1898,832,42,1,699,699
1899,833,40,3,449,1347
1900,833,50,2,499,998
1901,834,20,1,299,299
1902,834,47,1,449,449
1903,834,2,1,2499,2499
1904,834,3,2,399,798
1905,835,41,3,549,1647
1906,836,48,1,649,649
1907,836,4,1,1899,1899
1908,837,45,4,749,2996
1909,837,50,3,499,1497
1910,837,3,2,399,798
1911,837,27,2,1199,2398
1912,838,41,1,549,549
1913,839,3,1,399,399
1914,840,18,1,449,449
1915,840,47,1,449,449
1916,841,18,1,449,449
1917,841,2,2,2499,4998
1918,841,4,1,1899,1899
1919,842,30,2,249,498
1920,842,49,1,549,549
1921,843,30,1,249,249
1922,843,50,2,499,998
1923,844,8,1,899,899
1924,844,34,2,299,598
1925,845,27,3,1199,3597
1926,845,15,1,799,799
1927,845,26,1,649,649
1928,845,33,1,599,599
1929,846,40,1,449,449
1930,846,42,3,699,2097
1931,847,19,1,2999,2999
1932,847,4,1,1899,1899
1933,847,5,1,2999,2999
1934,847,9,2,1299,2598
1935,848,22,1,599,599
1936,848,9,1,1299,1299
1937,848,44,1,599,599
1938,848,31,1,699,699
1939,849,37,3,399,1197
1940,849,27,3,1199,3597
1941,850,23,2,749,1498
1942,850,28,1,449,449
1943,851,39,2,1999,3998
1944,851,21,2,899,1798
1945,851,25,1,349,349
1946,852,45,1,749,749
1947,852,37,1,399,399
1948,852,21,4,899,3596
1949,852,6,1,999,999
1950,853,16,2,2499,4998
1951,853,8,2,899,1798
1952,853,28,1,449,449
1953,854,34,2,299,598
1954,855,8,1,899,899
1955,855,2,1,2499,2499
1956,856,30,1,249,249
1957,857,4,1,1899,1899
1958,857,21,1,899,899
1959,857,45,1,749,749
1960,857,30,1,249,249
1961,857,37,1,399,399
1962,858,40,1,449,449
1963,858,4,2,1899,3798
1964,858,48,1,649,649
1965,859,44,2,599,1198
1966,860,20,1,299,299
1967,860,43,1,499,499
1968,861,45,3,749,2247
1969,861,33,2,599,1198
1970,861,4,4,1899,7596
1971,862,22,2,599,1198
1972,862,40,2,449,898
1973,862,35,2,1499,2998
1974,862,33,1,599,599
1975,863,19,3,2999,8997
1976,863,9,1,1299,1299
1977,864,21,2,899,1798
1978,864,6,1,999,999
1979,864,19,2,2999,5998
1980,865,21,1,899,899
1981,866,47,1,449,449
1982,866,44,2,599,1198
1983,866,1,1,1499,1499
1984,867,13,1,1599,1599
1985,868,1,1,1499,1499
1986,869,36,1,249,249
1987,869,46,3,399,1197
1988,869,41,1,549,549
1989,869,16,2,2499,4998
1990,869,32,1,499,499
1991,870,13,1,1599,1599
1992,871,20,1,299,299
1993,871,37,1,399,399
1994,871,9,3,1299,3897
1995,872,18,1,449,449
1996,872,8,2,899,1798
1997,872,47,3,449,1347
1998,873,3,2,399,798
1999,873,41,1,549,549
2000,874,20,3,299,897
2001,874,2,3,2499,7497
2002,874,49,2,549,1098
2003,875,19,1,2999,2999
2004,876,34,1,299,299
2005,877,16,1,2499,2499
2006,878,49,1,549,549
2007,878,32,1,499,499
2008,879,2,1,2499,2499
2009,880,26,1,649,649
2010,880,32,3,499,1497
2011,880,47,1,449,449
2012,881,28,1,449,449
2013,882,43,1,499,499
2014,882,2,1,2499,2499
2015,882,7,2,3499,6998
2016,882,44,2,599,1198
2017,883,27,3,1199,3597
2018,883,16,1,2499,2499
2019,883,30,2,249,498
2020,884,47,4,449,1796
2021,884,6,4,999,3996
2022,885,42,2,699,1398
2023,885,38,1,349,349
2024,885,46,3,399,1197
2025,885,41,2,549,1098
2026,885,32,2,499,998
2027,886,39,1,1999,1999
2028,886,34,3,299,897
2029,886,25,1,349,349
2030,887,19,2,2999,5998
2031,888,18,1,449,449
2032,888,35,2,1499,2998
2033,888,25,3,349,1047
2034,888,8,1,899,899
2035,888,50,1,499,499
2036,889,28,1,449,449
2037,889,47,1,449,449
2038,890,18,3,449,1347
2039,890,42,1,699,699
2040,890,9,3,1299,3897
2041,891,48,1,649,649
2042,891,9,1,1299,1299
2043,891,44,1,599,599
2044,892,32,2,499,998
2045,893,37,2,399,798
2046,894,13,1,1599,1599
2047,894,35,1,1499,1499
2048,894,1,2,1499,2998
2049,895,36,3,249,747
2050,895,7,3,3499,10497
2051,895,9,1,1299,1299
2052,896,5,1,2999,2999
2053,897,30,1,249,249
2054,897,33,2,599,1198
2055,897,27,2,1199,2398
2056,897,9,1,1299,1299
2057,898,26,1,649,649
2058,898,43,2,499,998
2059,898,44,1,599,599
2060,898,45,3,749,2247
2061,899,32,1,499,499
2062,899,46,1,399,399
2063,899,34,1,299,299
2064,899,33,1,599,599
2065,900,38,3,349,1047
2066,900,6,2,999,1998
2067,900,10,1,599,599
2068,901,30,1,249,249
2069,901,25,2,349,698
2070,902,7,1,3499,3499
2071,902,18,1,449,449
2072,903,39,2,1999,3998
2073,903,43,3,499,1497
2074,904,30,1,249,249
2075,905,10,1,599,599
2076,906,16,2,2499,4998
2077,906,33,2,599,1198
2078,906,39,1,1999,1999
2079,906,21,1,899,899
2080,907,21,1,899,899
2081,908,11,1,499,499
2082,909,44,1,599,599
2083,909,7,1,3499,3499
2084,909,18,2,449,898
2085,909,48,2,649,1298
2086,910,44,3,599,1797
2087,911,40,1,449,449
2088,911,15,1,799,799
2089,911,1,3,1499,4497
2090,911,37,1,399,399
2091,911,2,1,2499,2499
2092,912,35,1,1499,1499
2093,913,8,1,899,899
2094,914,20,3,299,897
2095,914,6,4,999,3996
2096,915,8,2,899,1798
2097,915,27,1,1199,1199
2098,915,6,1,999,999
2099,916,26,1,649,649
2100,917,38,2,349,698
2101,917,49,2,549,1098
2102,918,3,1,399,399
2103,918,33,2,599,1198
2104,919,15,2,799,1598
2105,919,41,3,549,1647
2106,920,46,2,399,798
2107,921,43,1,499,499
2108,922,49,1,549,549
2109,922,15,3,799,2397
2110,922,20,2,299,598
2111,922,36,1,249,249
2112,923,6,4,999,3996
2113,924,16,1,2499,2499
2114,924,1,2,1499,2998
2115,924,33,2,599,1198
2116,924,5,1,2999,2999
2117,925,45,2,749,1498
2118,925,30,2,249,498
2119,925,46,1,399,399
2120,926,13,3,1599,4797
2121,926,23,2,749,1498
2122,926,18,1,449,449
2123,927,44,2,599,1198
2124,927,27,1,1199,1199
2125,928,22,1,599,599
2126,929,19,1,2999,2999
2127,929,48,1,649,649
2128,930,48,2,649,1298
2129,930,8,2,899,1798
2130,930,27,1,1199,1199
2131,930,50,3,499,1497
2132,930,31,1,699,699
2133,931,19,1,2999,2999
2134,931,2,2,2499,4998
2135,932,32,1,499,499
2136,932,4,1,1899,1899
2137,932,41,1,549,549
2138,932,25,1,349,349
2139,933,4,1,1899,1899
2140,933,21,1,899,899
2141,934,3,1,399,399
2142,934,23,1,749,749
2143,935,40,3,449,1347
2144,935,16,2,2499,4998
2145,935,46,1,399,399
2146,935,8,2,899,1798
2147,936,2,3,2499,7497
2148,937,26,3,649,1947
2149,938,41,1,549,549
2150,938,5,1,2999,2999
2151,938,47,2,449,898
2152,939,40,3,449,1347
2153,939,31,1,699,699
2154,939,18,1,449,449
2155,939,22,2,599,1198
2156,939,11,3,499,1497
2157,940,2,2,2499,4998
2158,941,38,2,349,698
2159,941,31,1,699,699
2160,942,2,1,2499,2499
2161,943,19,2,2999,5998
2162,943,3,3,399,1197
2163,943,21,1,899,899
2164,944,21,1,899,899
2165,944,6,2,999,1998
2166,945,32,2,499,998
2167,945,2,2,2499,4998
2168,945,1,3,1499,4497
2169,946,43,2,499,998
2170,947,44,3,599,1797
2171,948,33,1,599,599
2172,948,38,1,349,349
2173,948,2,1,2499,2499
2174,949,42,1,699,699
2175,949,36,4,249,996
2176,949,30,2,249,498
2177,949,22,1,599,599
2178,949,33,3,599,1797
2179,950,19,1,2999,2999
2180,950,30,1,249,249
2181,951,28,2,449,898
2182,951,40,1,449,449
2183,952,2,2,2499,4998
2184,952,31,1,699,699
2185,953,7,1,3499,3499
2186,953,47,1,449,449
2187,954,6,2,999,1998
2188,954,7,1,3499,3499
2189,955,43,1,499,499
2190,955,19,3,2999,8997
2191,955,6,2,999,1998
2192,955,10,3,599,1797
2193,956,4,1,1899,1899
2194,956,37,2,399,798
2195,956,20,3,299,897
2196,957,50,2,499,998
2197,958,1,2,1499,2998
2198,958,21,2,899,1798
2199,959,40,4,449,1796
2200,959,37,1,399,399
2201,959,25,1,349,349
2202,960,41,3,549,1647
2203,960,6,1,999,999
2204,961,9,2,1299,2598
2205,962,8,1,899,899
2206,963,8,3,899,2697
2207,963,3,1,399,399
2208,964,39,1,1999,1999
2209,964,37,3,399,1197
2210,965,1,1,1499,1499
2211,965,22,4,599,2396
2212,966,49,1,549,549
2213,966,21,3,899,2697
2214,966,39,2,1999,3998
2215,967,22,2,599,1198
2216,968,45,4,749,2996
2217,969,44,1,599,599
2218,969,20,1,299,299
2219,970,9,2,1299,2598
2220,970,11,3,499,1497
2221,971,32,1,499,499
2222,972,1,2,1499,2998
2223,972,23,1,749,749
2224,973,35,1,1499,1499
2225,974,35,2,1499,2998
2226,975,46,2,399,798
2227,976,46,1,399,399
2228,977,22,3,599,1797
2229,978,43,2,499,998
2230,978,23,3,749,2247
2231,978,28,2,449,898
2232,978,45,2,749,1498
2233,979,43,1,499,499
2234,980,21,2,899,1798
2235,980,13,1,1599,1599
2236,980,20,2,299,598
2237,981,30,2,249,498
2238,981,26,3,649,1947
2239,982,45,3,749,2247
2240,982,48,1,649,649
2241,983,18,4,449,1796
2242,984,45,1,749,749
2243,985,1,1,1499,1499
2244,986,4,1,1899,1899
2245,986,9,1,1299,1299
2246,986,38,1,349,349
2247,986,34,2,299,598
2248,987,31,1,699,699
2249,988,36,1,249,249
2250,988,27,2,1199,2398
2251,989,44,4,599,2396
2252,989,16,3,2499,7497
2253,990,10,1,599,599
2254,990,33,2,599,1198
2255,990,41,1,549,549
2256,991,33,2,599,1198
2257,992,28,3,449,1347
2258,993,27,2,1199,2398
2259,993,33,3,599,1797
2260,993,16,3,2499,7497
2261,994,28,1,449,449
2262,995,1,1,1499,1499
2263,995,15,1,799,799
2264,995,34,2,299,598
2265,996,28,2,449,898
2266,996,20,1,299,299
2267,997,47,1,449,449
2268,998,3,2,399,798
2269,998,50,1,499,499
2270,999,42,3,699,2097
2271,1000,36,1,249,249
2272,1000,44,1,599,599
2273,1000,46,3,399,1197
2274,1000,35,2,1499,2998
